<?xml version="1.0" encoding="UTF-8" standalone="yes"?>
<req ver="2">
  <tlm>
    <src>
      <desc>
        <mach>
          <os>
            <arg nm="vermaj" val="10" />
            <arg nm="vermin" val="0" />
            <arg nm="verbld" val="22621" />
            <arg nm="vercsdbld" val="1848" />
            <arg nm="verqfe" val="1848" />
            <arg nm="csdbld" val="1848" />
            <arg nm="versp" val="0" />
            <arg nm="arch" val="9" />
            <arg nm="lcid" val="1033" />
            <arg nm="geoid" val="244" />
            <arg nm="sku" val="101" />
            <arg nm="domain" val="0" />
            <arg nm="prodsuite" val="768" />
            <arg nm="ntprodtype" val="1" />
            <arg nm="platid" val="2" />
            <arg nm="tmsi" val="222204992" />
            <arg nm="osinsty" val="1" />
            <arg nm="iever" val="11.1.22621.0-11.0.1000" />
            <arg nm="portos" val="0" />
            <arg nm="ram" val="3745" />
            <arg nm="svolsz" val="117" />
            <arg nm="wimbt" val="0" />
            <arg nm="blddt" val="220506" />
            <arg nm="bldtm" val="1250" />
            <arg nm="bldbrch" val="ni_release" />
            <arg nm="bldchk" val="0" />
            <arg nm="os" val="windows" />
            <arg nm="osver" val="10.0.22621.1848.amd64fre.ni_release.220506-1250" />
            <arg nm="ring" val="External" />
            <arg nm="expid" val="FX:117B97D4,FX:117B9872,FX:11CC111C,FX:11DE1DCB,FX:11DF5B12,FX:11DF5B75,FX:124117A5,FX:12450782,FX:127987B1,FX:127C84AA,FX:127C8903,FX:127CEBB4,FX:12816BC3,FX:1283FFBE,FX:128540B9,FX:12857231,FX:128F8730,FX:1291E0B9,FX:1292F335,FX:12936529,FX:12939C3F,FX:12949627,FX:12990CFA,FX:1299897F,FX:129A9592,FX:129ACF14,FX:129EA468,FX:12A097F7,FX:12A6AC08,FX:12A74DF5,FX:12AAB778,FX:12AB1F49,FX:12AD79BF,FX:12B0D6FB,FX:2A2B53E,ME:25762F0,ME:27B9BC4" />
            <arg nm="fconid" val="18299130,0,2,0;19194231,0,2,0;19194292,0,2,0;19195481,0,2,0;19638787,0,2,0;23531064,2,2,0;23562335,2,2,0;23563673,2,2,0;25704915,1,2,0;27075521,1,2,1;32862274,0,2,0;35681102,0,1,0;36803287,0,2,1;36803295,0,2,0;36803303,0,2,0;37482934,1,2,1;38859191,0,2,1;39263329,1,2,0;39281392,0,2,1;40025975,0,1,0;40616880,0,1,0;40733296,0,2,1;40883769,0,1,0;40981503,0,1,0;41137130,0,1,0;41313221,0,2,1;41342175,0,1,1;41655236,0,2,1;41772259,0,2,1;42052423,0,2,0;42092123,0,2,1;42235377,0,2,0;42921948,0,1,1;42922989,0,2,1;43572857,0,2,1;44521793,0,1,0" />
            <arg nm="edition" val="Core" />
            <arg nm="edu" val="0" />
            <arg nm="servicinginprogress" val="1" />
            <arg nm="featureupdatependingreboot" val="0" />
          </os>
          <hw>
            <arg nm="form" val="2" />
            <arg nm="arch" val="9" />
            <arg nm="deviceclass" val="Windows.Desktop" />
            <arg nm="sysmfg" val="HP" />
            <arg nm="syspro" val="HP Laptop 15-dw0xxx" />
            <arg nm="bv" val="F.58" />
            <arg nm="ram" val="4096" />
            <arg nm="sdksz" val="119" />
            <arg nm="proccnt" val="4" />
            <arg nm="proclsp" val="1094" />
            <arg nm="wscpudn" val="Intel(R) Pentium(R) Silver N5030 CPU @ 1.10GHz" />
            <arg nm="procid" val="Intel64 Family 6 Model 122 Stepping 8" />
            <arg nm="procven" val="GenuineIntel" />
            <arg nm="procps1" val="1" />
            <arg nm="procrev" val="137438953472" />
            <arg nm="aoac" val="0" />
            <arg nm="bssku" val="1A493UA#ABA" />
            <arg nm="chid" val="{4bcc9a1b-d68f-54da-9118-531e8d71a468}" />
            <arg nm="iptcapable" val="1" />
          </hw>
          <ctrl>
            <arg nm="tm" val="133324683484537080" />
            <arg nm="mid" val="{2276D326-0699-4448-B7CC-ACB83CB756AD}" />
            <arg nm="sample" val="43839032" />
            <arg nm="msft" val="0" />
            <arg nm="test" val="0" />
            <arg nm="scf" val="0" />
            <arg nm="xboxlivesandboxid" val="RETAIL" />
            <arg nm="telemetry" val="Optional" />
          </ctrl>
        </mach>
      </desc>
    </src>
    <reqs>
      <req key="1">
        <namespace svc="watson" ptr="windows" gp="windows8" app="msedge_proxy.exe">
          <arg nm="p1" val="msedge_proxy.exe" />
          <arg nm="p2" val="114.0.1823.58" />
          <arg nm="p3" val="649379f0" />
          <arg nm="p4" val="msedge_proxy.exe" />
          <arg nm="p5" val="114.0.1823.58" />
          <arg nm="p6" val="649379f0" />
          <arg nm="p7" val="80000003" />
          <arg nm="p8" val="000000000009f0f7" />
        </namespace>
        <ctrl>
          <arg nm="reportid" val="ff235676-00db-479f-b7d9-45729692d639" />
          <arg nm="wowguest" val="0" />
          <arg nm="wowhost" val="34404" />
          <arg nm="iptenabled" val="0" />
          <arg nm="reportsource" val="memory" />
          <arg nm="aadtenantid" val="6666f090-016a-494b-b11a-4d3e01febe95" />
        </ctrl>
        <cmd nm="event">
          <arg nm="cat" val="crash64" />
          <arg nm="app" val="msedge_proxy.exe" />
          <arg nm="appver" val="114.0.1823.58" />
          <arg nm="applink" val="649379f0" />
          <arg nm="mod" val="msedge_proxy.exe" />
          <arg nm="modver" val="114.0.1823.58" />
          <arg nm="modlink" val="649379f0" />
          <arg nm="ecode" val="80000003" />
          <arg nm="offset" val="000000000009f0f7" />
          <arg nm="appsessionguid" val="000022c0-0001-0013-70bd-6fdb17aad901" />
          <arg nm="targetappid" val="W:0000b8971a24adfba765c88617377307e3190000ffff!000079800b69955cb8cb9dd52a0cc9fa6524b774205a!msedge_proxy.exe" />
          <arg nm="targetappver" val="2023/06/21:22:30:08!129637!msedge_proxy.exe" />
          <arg nm="targetasid" val="1713" />
          <arg nm="apporiginalfilename" val="msedge_proxy.exe" />
          <arg nm="isfatal" val="1" />
          <arg nm="userimpactvector" val="0" />
        </cmd>
      </req>
    </reqs>
  </tlm>
</req>